departement,annee,population,code_dep
2025-DEP-01,2021,663202.0,01
2025-DEP-01,2020,657856.0,01
2025-DEP-01,2023,679344.0,01
2025-DEP-01,2016,638425.0,01
2025-DEP-01,2017,643350.0,01
2025-DEP-01,2022,671289.0,01
2025-DEP-01,2019,652432.0,01
2025-DEP-01,2018,647634.0,01
2025-DEP-02,2016,536136.0,02
2025-DEP-02,2017,534490.0,02
2025-DEP-02,2023,523342.0,02
2025-DEP-02,2021,527468.0,02
2025-DEP-02,2020,529374.0,02
2025-DEP-02,2018,533316.0,02
2025-DEP-02,2019,531345.0,02
2025-DEP-02,2022,525558.0,02
2025-DEP-03,2021,334872.0,03
2025-DEP-03,2023,333298.0,03
2025-DEP-03,2022,334715.0,03
2025-DEP-03,2016,339384.0,03
2025-DEP-03,2020,335628.0,03
2025-DEP-03,2019,335975.0,03
2025-DEP-03,2017,337988.0,03
2025-DEP-03,2018,337171.0,03
2025-DEP-04,2022,167179.0,04
2025-DEP-04,2021,166077.0,04
2025-DEP-04,2019,164308.0,04
2025-DEP-04,2018,164068.0,04
2025-DEP-04,2020,165451.0,04
2025-DEP-04,2016,162565.0,04
2025-DEP-04,2023,168054.0,04
2025-DEP-04,2017,163915.0,04
2025-DEP-05,2021,140976.0,05
2025-DEP-05,2022,141677.0,05
2025-DEP-05,2016,141107.0,05
2025-DEP-05,2020,140605.0,05
2025-DEP-05,2019,141220.0,05
2025-DEP-05,2018,140698.0,05
2025-DEP-05,2017,141284.0,05
2025-DEP-05,2023,143467.0,05
2025-DEP-06,2023,1128418.0,06
2025-DEP-06,2018,1086219.0,06
2025-DEP-06,2022,1114579.0,06
2025-DEP-06,2016,1083704.0,06
2025-DEP-06,2020,1097410.0,06
2025-DEP-06,2019,1094283.0,06
2025-DEP-06,2021,1103941.0,06
2025-DEP-06,2017,1083310.0,06
2025-DEP-07,2018,326606.0,07
2025-DEP-07,2023,334231.0,07
2025-DEP-07,2016,325157.0,07
2025-DEP-07,2019,328278.0,07
2025-DEP-07,2022,333229.0,07
2025-DEP-07,2020,329325.0,07
2025-DEP-07,2021,331415.0,07
2025-DEP-07,2017,325712.0,07
2025-DEP-08,2022,267204.0,08
2025-DEP-08,2016,275371.0,08
2025-DEP-08,2018,271845.0,08
2025-DEP-08,2020,269701.0,08
2025-DEP-08,2019,270582.0,08
2025-DEP-08,2021,268859.0,08
2025-DEP-08,2023,265893.0,08
2025-DEP-08,2017,273579.0,08
2025-DEP-09,2023,155722.0,09
2025-DEP-09,2022,155339.0,09
2025-DEP-09,2017,153153.0,09
2025-DEP-09,2018,153066.0,09
2025-DEP-09,2020,153954.0,09
2025-DEP-09,2019,153287.0,09
2025-DEP-09,2016,153067.0,09
2025-DEP-09,2021,154596.0,09
2025-DEP-10,2016,308910.0,10
2025-DEP-10,2018,310020.0,10
2025-DEP-10,2020,311435.0,10
2025-DEP-10,2023,310447.0,10
2025-DEP-10,2019,310242.0,10
2025-DEP-10,2021,311329.0,10
2025-DEP-10,2022,311076.0,10
2025-DEP-10,2017,310020.0,10
2025-DEP-11,2018,372806.0,11
2025-DEP-11,2017,370260.0,11
2025-DEP-11,2021,376028.0,11
2025-DEP-11,2020,375217.0,11
2025-DEP-11,2016,368025.0,11
2025-DEP-11,2019,374070.0,11
2025-DEP-11,2022,377773.0,11
2025-DEP-11,2023,379648.0,11
2025-DEP-12,2023,279609.0,12
2025-DEP-12,2019,279595.0,12
2025-DEP-12,2020,279554.0,12
2025-DEP-12,2021,279649.0,12
2025-DEP-12,2022,279736.0,12
2025-DEP-12,2018,279274.0,12
2025-DEP-12,2016,278697.0,12
2025-DEP-12,2017,279206.0,12
2025-DEP-13,2021,2056943.0,13
2025-DEP-13,2017,2024162.0,13
2025-DEP-13,2018,2034357.0,13
2025-DEP-13,2016,2019717.0,13
2025-DEP-13,2019,2043110.0,13
2025-DEP-13,2023,2087658.0,13
2025-DEP-13,2022,2069811.0,13
2025-DEP-13,2020,2048070.0,13
2025-DEP-14,2019,694905.0,14
2025-DEP-14,2018,694056.0,14
2025-DEP-14,2021,700633.0,14
2025-DEP-14,2016,693679.0,14
2025-DEP-14,2023,709441.0,14
2025-DEP-14,2017,694002.0,14
2025-DEP-14,2022,704605.0,14
2025-DEP-14,2020,697547.0,14
2025-DEP-15,2020,144379.0,15
2025-DEP-15,2023,144196.0,15
2025-DEP-15,2017,145143.0,15
2025-DEP-15,2018,144765.0,15
2025-DEP-15,2022,144399.0,15
2025-DEP-15,2019,144692.0,15
2025-DEP-15,2016,145969.0,15
2025-DEP-15,2021,144226.0,15
2025-DEP-16,2021,350867.0,16
2025-DEP-16,2019,352015.0,16
2025-DEP-16,2017,352335.0,16
2025-DEP-16,2016,353288.0,16
2025-DEP-16,2020,351718.0,16
2025-DEP-16,2022,351603.0,16
2025-DEP-16,2018,351778.0,16
2025-DEP-16,2023,352683.0,16
2025-DEP-17,2021,661404.0,17
2025-DEP-17,2022,668160.0,17
2025-DEP-17,2019,651358.0,17
2025-DEP-17,2016,642191.0,17
2025-DEP-17,2020,655709.0,17
2025-DEP-17,2017,644303.0,17
2025-DEP-17,2018,646932.0,17
2025-DEP-17,2023,672279.0,17
2025-DEP-18,2017,304256.0,18
2025-DEP-18,2016,307110.0,18
2025-DEP-18,2023,298660.0,18
2025-DEP-18,2020,300933.0,18
2025-DEP-18,2022,299496.0,18
2025-DEP-18,2021,299573.0,18
2025-DEP-18,2019,302306.0,18
2025-DEP-18,2018,303408.0,18
2025-DEP-19,2023,240826.0,19
2025-DEP-19,2018,240583.0,19
2025-DEP-19,2017,241464.0,19
2025-DEP-19,2020,239190.0,19
2025-DEP-19,2019,240073.0,19
2025-DEP-19,2021,239784.0,19
2025-DEP-19,2016,241535.0,19
2025-DEP-19,2022,240120.0,19
2025-DEP-21,2019,534124.0,21
2025-DEP-21,2021,535503.0,21
2025-DEP-21,2020,535078.0,21
2025-DEP-21,2023,540100.0,21
2025-DEP-21,2016,533213.0,21
2025-DEP-21,2017,533819.0,21
2025-DEP-21,2018,533220.0,21
2025-DEP-21,2022,537577.0,21
2025-DEP-22,2019,600582.0,22
2025-DEP-22,2017,598814.0,22
2025-DEP-22,2023,611859.0,22
2025-DEP-22,2022,609598.0,22
2025-DEP-22,2021,605917.0,22
2025-DEP-22,2020,603640.0,22
2025-DEP-22,2016,598953.0,22
2025-DEP-22,2018,599584.0,22
2025-DEP-23,2018,117503.0,23
2025-DEP-23,2022,115529.0,23
2025-DEP-23,2016,119502.0,23
2025-DEP-23,2020,115995.0,23
2025-DEP-23,2017,118638.0,23
2025-DEP-23,2019,116617.0,23
2025-DEP-23,2023,115527.0,23
2025-DEP-23,2021,115702.0,23
2025-DEP-24,2018,413418.0,24
2025-DEP-24,2016,414789.0,24
2025-DEP-24,2023,417614.0,24
2025-DEP-24,2019,413223.0,24
2025-DEP-24,2020,412807.0,24
2025-DEP-24,2021,413730.0,24
2025-DEP-24,2022,416325.0,24
2025-DEP-24,2017,413606.0,24
2025-DEP-25,2019,543974.0,25
2025-DEP-25,2023,547163.0,25
2025-DEP-25,2017,539067.0,25
2025-DEP-25,2021,547096.0,25
2025-DEP-25,2020,545209.0,25
2025-DEP-25,2016,538549.0,25
2025-DEP-25,2018,541454.0,25
2025-DEP-25,2022,548662.0,25
2025-DEP-26,2023,524207.0,26
2025-DEP-26,2021,519458.0,26
2025-DEP-26,2017,511553.0,26
2025-DEP-26,2016,508006.0,26
2025-DEP-26,2018,514732.0,26
2025-DEP-26,2019,516762.0,26
2025-DEP-26,2020,517709.0,26
2025-DEP-26,2022,521432.0,26
2025-DEP-27,2022,601305.0,27
2025-DEP-27,2016,602825.0,27
2025-DEP-27,2018,599962.0,27
2025-DEP-27,2021,598934.0,27
2025-DEP-27,2020,599668.0,27
2025-DEP-27,2017,601843.0,27
2025-DEP-27,2019,599507.0,27
2025-DEP-27,2023,602714.0,27
2025-DEP-28,2020,431443.0,28
2025-DEP-28,2023,433129.0,28
2025-DEP-28,2019,431575.0,28
2025-DEP-28,2017,433233.0,28
2025-DEP-28,2016,433929.0,28
2025-DEP-28,2018,431997.0,28
2025-DEP-28,2022,432950.0,28
2025-DEP-28,2021,431277.0,28
2025-DEP-29,2016,908249.0,29
2025-DEP-29,2019,915090.0,29
2025-DEP-29,2021,921638.0,29
2025-DEP-29,2023,933455.0,29
2025-DEP-29,2022,927912.0,29
2025-DEP-29,2020,917179.0,29
2025-DEP-29,2018,911735.0,29
2025-DEP-29,2017,909028.0,29
2025-DEP-2A,2016,154303.0,2A
2025-DEP-2A,2017,157249.0,2A
2025-DEP-2A,2023,168306.0,2A
2025-DEP-2A,2020,160814.0,2A
2025-DEP-2A,2021,162942.0,2A
2025-DEP-2A,2022,166045.0,2A
2025-DEP-2A,2019,158507.0,2A
2025-DEP-2A,2018,157853.0,2A
2025-DEP-2B,2021,184655.0,2B
2025-DEP-2B,2020,182887.0,2B
2025-DEP-2B,2018,180701.0,2B
2025-DEP-2B,2023,187180.0,2B
2025-DEP-2B,2019,181933.0,2B
2025-DEP-2B,2016,176152.0,2B
2025-DEP-2B,2022,185231.0,2B
2025-DEP-2B,2017,177689.0,2B
2025-DEP-30,2017,744178.0,30
2025-DEP-30,2016,742006.0,30
2025-DEP-30,2022,764010.0,30
2025-DEP-30,2020,751457.0,30
2025-DEP-30,2018,745458.0,30
2025-DEP-30,2019,748437.0,30
2025-DEP-30,2023,770940.0,30
2025-DEP-30,2021,756543.0,30
2025-DEP-31,2021,1434367.0,31
2025-DEP-31,2020,1415757.0,31
2025-DEP-31,2019,1400039.0,31
2025-DEP-31,2017,1362672.0,31
2025-DEP-31,2023,1471468.0,31
2025-DEP-31,2022,1456261.0,31
2025-DEP-31,2016,1348183.0,31
2025-DEP-31,2018,1380672.0,31
2025-DEP-32,2017,191091.0,32
2025-DEP-32,2018,191283.0,32
2025-DEP-32,2016,190664.0,32
2025-DEP-32,2020,191819.0,32
2025-DEP-32,2021,192437.0,32
2025-DEP-32,2023,192645.0,32
2025-DEP-32,2019,191377.0,32
2025-DEP-32,2022,192649.0,32
2025-DEP-33,2016,1566679.0,33
2025-DEP-33,2018,1601845.0,33
2025-DEP-33,2017,1583384.0,33
2025-DEP-33,2023,1690493.0,33
2025-DEP-33,2022,1674980.0,33
2025-DEP-33,2020,1636391.0,33
2025-DEP-33,2021,1654970.0,33
2025-DEP-33,2019,1623749.0,33
2025-DEP-34,2023,1230289.0,34
2025-DEP-34,2020,1188973.0,34
2025-DEP-34,2022,1217331.0,34
2025-DEP-34,2017,1144892.0,34
2025-DEP-34,2018,1159220.0,34
2025-DEP-34,2019,1175623.0,34
2025-DEP-34,2021,1201883.0,34
2025-DEP-34,2016,1132481.0,34
2025-DEP-35,2022,1109232.0,35
2025-DEP-35,2019,1079498.0,35
2025-DEP-35,2017,1060199.0,35
2025-DEP-35,2021,1098325.0,35
2025-DEP-35,2018,1069228.0,35
2025-DEP-35,2020,1088855.0,35
2025-DEP-35,2016,1051779.0,35
2025-DEP-35,2023,1120666.0,35
2025-DEP-36,2022,216809.0,36
2025-DEP-36,2023,216069.0,36
2025-DEP-36,2021,217228.0,36
2025-DEP-36,2019,219316.0,36
2025-DEP-36,2017,222232.0,36
2025-DEP-36,2018,220595.0,36
2025-DEP-36,2016,223505.0,36
2025-DEP-36,2020,218707.0,36
2025-DEP-37,2020,612119.0,37
2025-DEP-37,2021,612160.0,37
2025-DEP-37,2018,607760.0,37
2025-DEP-37,2017,606511.0,37
2025-DEP-37,2019,610079.0,37
2025-DEP-37,2016,606223.0,37
2025-DEP-37,2023,619362.0,37
2025-DEP-37,2022,616326.0,37
2025-DEP-38,2021,1284948.0,38
2025-DEP-38,2018,1263563.0,38
2025-DEP-38,2020,1277513.0,38
2025-DEP-38,2016,1252912.0,38
2025-DEP-38,2019,1271166.0,38
2025-DEP-38,2017,1258722.0,38
2025-DEP-38,2022,1291380.0,38
2025-DEP-38,2023,1298990.0,38
2025-DEP-39,2022,258405.0,39
2025-DEP-39,2019,259199.0,39
2025-DEP-39,2016,260517.0,39
2025-DEP-39,2021,258555.0,39
2025-DEP-39,2018,259746.0,39
2025-DEP-39,2023,257973.0,39
2025-DEP-39,2017,260188.0,39
2025-DEP-39,2020,258798.0,39
2025-DEP-40,2020,418122.0,40
2025-DEP-40,2023,433570.0,40
2025-DEP-40,2016,405010.0,40
2025-DEP-40,2017,407444.0,40
2025-DEP-40,2018,410355.0,40
2025-DEP-40,2022,428427.0,40
2025-DEP-40,2019,413690.0,40
2025-DEP-40,2021,422976.0,40
2025-DEP-41,2023,328543.0,41
2025-DEP-41,2016,332769.0,41
2025-DEP-41,2022,328953.0,41
2025-DEP-41,2020,329357.0,41
2025-DEP-41,2021,328504.0,41
2025-DEP-41,2017,331915.0,41
2025-DEP-41,2019,329470.0,41
2025-DEP-41,2018,330248.0,41
2025-DEP-42,2019,765634.0,42
2025-DEP-42,2022,772041.0,42
2025-DEP-42,2020,768508.0,42
2025-DEP-42,2018,763441.0,42
2025-DEP-42,2021,769029.0,42
2025-DEP-42,2016,761997.0,42
2025-DEP-42,2023,774133.0,42
2025-DEP-42,2017,762941.0,42
2025-DEP-43,2021,227284.0,43
2025-DEP-43,2023,228654.0,43
2025-DEP-43,2018,227552.0,43
2025-DEP-43,2022,228161.0,43
2025-DEP-43,2020,227489.0,43
2025-DEP-43,2016,227339.0,43
2025-DEP-43,2017,227283.0,43
2025-DEP-43,2019,227570.0,43
2025-DEP-44,2022,1473156.0,44
2025-DEP-44,2017,1394909.0,44
2025-DEP-44,2021,1457806.0,44
2025-DEP-44,2019,1429272.0,44
2025-DEP-44,2018,1412502.0,44
2025-DEP-44,2023,1487570.0,44
2025-DEP-44,2016,1380852.0,44
2025-DEP-44,2020,1445171.0,44
2025-DEP-45,2017,678105.0,45
2025-DEP-45,2018,678845.0,45
2025-DEP-45,2023,691268.0,45
2025-DEP-45,2019,680434.0,45
2025-DEP-45,2021,684561.0,45
2025-DEP-45,2022,687063.0,45
2025-DEP-45,2020,682304.0,45
2025-DEP-45,2016,674330.0,45
2025-DEP-46,2019,174094.0,46
2025-DEP-46,2023,176473.0,46
2025-DEP-46,2018,173929.0,46
2025-DEP-46,2022,175620.0,46
2025-DEP-46,2020,174670.0,46
2025-DEP-46,2017,173828.0,46
2025-DEP-46,2016,173347.0,46
2025-DEP-46,2021,174942.0,46
2025-DEP-47,2019,331271.0,47
2025-DEP-47,2023,333602.0,47
2025-DEP-47,2020,330844.0,47
2025-DEP-47,2022,332226.0,47
2025-DEP-47,2021,331229.0,47
2025-DEP-47,2017,332842.0,47
2025-DEP-47,2016,332833.0,47
2025-DEP-47,2018,331970.0,47
2025-DEP-48,2016,76422.0,48
2025-DEP-48,2021,76519.0,48
2025-DEP-48,2018,76520.0,48
2025-DEP-48,2019,76604.0,48
2025-DEP-48,2017,76601.0,48
2025-DEP-48,2023,76486.0,48
2025-DEP-48,2020,76633.0,48
2025-DEP-48,2022,76503.0,48
2025-DEP-49,2023,833776.0,49
2025-DEP-49,2021,824743.0,49
2025-DEP-49,2020,820713.0,49
2025-DEP-49,2016,810934.0,49
2025-DEP-49,2019,818273.0,49
2025-DEP-49,2018,815883.0,49
2025-DEP-49,2017,813493.0,49
2025-DEP-49,2022,828151.0,49
2025-DEP-50,2020,495093.0,50
2025-DEP-50,2023,497522.0,50
2025-DEP-50,2019,495045.0,50
2025-DEP-50,2016,498362.0,50
2025-DEP-50,2022,496815.0,50
2025-DEP-50,2018,495983.0,50
2025-DEP-50,2021,495508.0,50
2025-DEP-50,2017,496883.0,50
2025-DEP-51,2022,564107.0,51
2025-DEP-51,2021,565292.0,51
2025-DEP-51,2017,568895.0,51
2025-DEP-51,2016,570883.0,51
2025-DEP-51,2023,563076.0,51
2025-DEP-51,2020,566659.0,51
2025-DEP-51,2018,567462.0,51
2025-DEP-51,2019,566855.0,51
2025-DEP-52,2022,169865.0,52
2025-DEP-52,2016,178084.0,52
2025-DEP-52,2023,168331.0,52
2025-DEP-52,2017,175640.0,52
2025-DEP-52,2018,174069.0,52
2025-DEP-52,2021,171042.0,52
2025-DEP-52,2020,171798.0,52
2025-DEP-52,2019,172512.0,52
2025-DEP-53,2021,305933.0,53
2025-DEP-53,2020,306538.0,53
2025-DEP-53,2016,307688.0,53
2025-DEP-53,2023,305468.0,53
2025-DEP-53,2022,305437.0,53
2025-DEP-53,2019,307062.0,53
2025-DEP-53,2017,307445.0,53
2025-DEP-53,2018,307084.0,53
2025-DEP-54,2023,732236.0,54
2025-DEP-54,2017,733481.0,54
2025-DEP-54,2019,733760.0,54
2025-DEP-54,2020,732590.0,54
2025-DEP-54,2021,732486.0,54
2025-DEP-54,2016,733821.0,54
2025-DEP-54,2018,733469.0,54
2025-DEP-54,2022,732898.0,54
2025-DEP-55,2016,189055.0,55
2025-DEP-55,2018,185355.0,55
2025-DEP-55,2017,187187.0,55
2025-DEP-55,2021,181919.0,55
2025-DEP-55,2023,180290.0,55
2025-DEP-55,2020,183001.0,55
2025-DEP-55,2022,180745.0,55
2025-DEP-55,2019,184083.0,55
2025-DEP-56,2021,768687.0,56
2025-DEP-56,2017,750863.0,56
2025-DEP-56,2022,776103.0,56
2025-DEP-56,2023,783390.0,56
2025-DEP-56,2016,747548.0,56
2025-DEP-56,2020,764161.0,56
2025-DEP-56,2018,754867.0,56
2025-DEP-56,2019,759684.0,56
2025-DEP-57,2020,1049155.0,57
2025-DEP-57,2021,1049942.0,57
2025-DEP-57,2017,1043522.0,57
2025-DEP-57,2016,1045271.0,57
2025-DEP-57,2023,1051309.0,57
2025-DEP-57,2022,1050721.0,57
2025-DEP-57,2019,1046543.0,57
2025-DEP-57,2018,1043524.0,57
2025-DEP-58,2018,205828.0,58
2025-DEP-58,2022,202299.0,58
2025-DEP-58,2016,209161.0,58
2025-DEP-58,2020,202670.0,58
2025-DEP-58,2017,207182.0,58
2025-DEP-58,2023,201417.0,58
2025-DEP-58,2019,204452.0,58
2025-DEP-58,2021,202417.0,58
2025-DEP-59,2020,2607746.0,59
2025-DEP-59,2022,2616909.0,59
2025-DEP-59,2023,2615635.0,59
2025-DEP-59,2021,2611293.0,59
2025-DEP-59,2016,2603723.0,59
2025-DEP-59,2017,2604361.0,59
2025-DEP-59,2019,2608346.0,59
2025-DEP-59,2018,2606234.0,59
2025-DEP-60,2017,824503.0,60
2025-DEP-60,2018,827153.0,60
2025-DEP-60,2019,829419.0,60
2025-DEP-60,2022,830725.0,60
2025-DEP-60,2016,823542.0,60
2025-DEP-60,2023,829899.0,60
2025-DEP-60,2021,828838.0,60
2025-DEP-60,2020,829699.0,60
2025-DEP-61,2022,276144.0,61
2025-DEP-61,2017,283372.0,61
2025-DEP-61,2018,281593.0,61
2025-DEP-61,2023,275201.0,61
2025-DEP-61,2020,278475.0,61
2025-DEP-61,2021,276973.0,61
2025-DEP-61,2016,285308.0,61
2025-DEP-61,2019,279942.0,61
2025-DEP-62,2021,1461441.0,62
2025-DEP-62,2020,1462167.0,62
2025-DEP-62,2017,1468018.0,62
2025-DEP-62,2022,1460184.0,62
2025-DEP-62,2016,1470725.0,62
2025-DEP-62,2018,1466743.0,62
2025-DEP-62,2019,1465278.0,62
2025-DEP-62,2023,1457905.0,62
2025-DEP-63,2022,664385.0,63
2025-DEP-63,2020,661852.0,63
2025-DEP-63,2017,653742.0,63
2025-DEP-63,2016,650700.0,63
2025-DEP-63,2023,664453.0,63
2025-DEP-63,2019,662152.0,63
2025-DEP-63,2018,659048.0,63
2025-DEP-63,2021,662285.0,63
2025-DEP-64,2017,677309.0,64
2025-DEP-64,2016,673986.0,64
2025-DEP-64,2023,706564.0,64
2025-DEP-64,2018,679810.0,64
2025-DEP-64,2022,699473.0,64
2025-DEP-64,2020,687240.0,64
2025-DEP-64,2019,682621.0,64
2025-DEP-64,2021,693027.0,64
2025-DEP-65,2018,229191.0,65
2025-DEP-65,2019,229567.0,65
2025-DEP-65,2017,228530.0,65
2025-DEP-65,2016,227829.0,65
2025-DEP-65,2023,231349.0,65
2025-DEP-65,2021,230956.0,65
2025-DEP-65,2020,229788.0,65
2025-DEP-65,2022,231453.0,65
2025-DEP-66,2017,474452.0,66
2025-DEP-66,2018,476357.0,66
2025-DEP-66,2021,487307.0,66
2025-DEP-66,2016,474369.0,66
2025-DEP-66,2023,496855.0,66
2025-DEP-66,2020,482765.0,66
2025-DEP-66,2019,479979.0,66
2025-DEP-66,2022,492964.0,66
2025-DEP-67,2016,1121407.0,67
2025-DEP-67,2019,1140057.0,67
2025-DEP-67,2023,1163810.0,67
2025-DEP-67,2022,1156963.0,67
2025-DEP-67,2021,1152662.0,67
2025-DEP-67,2017,1125559.0,67
2025-DEP-67,2020,1148073.0,67
2025-DEP-67,2018,1133552.0,67
2025-DEP-68,2017,764030.0,68
2025-DEP-68,2018,764981.0,68
2025-DEP-68,2021,767083.0,68
2025-DEP-68,2019,767086.0,68
2025-DEP-68,2016,762743.0,68
2025-DEP-68,2020,767842.0,68
2025-DEP-68,2023,770738.0,68
2025-DEP-68,2022,767800.0,68
2025-DEP-69,2019,1875747.0,69
2025-DEP-69,2023,1914667.0,69
2025-DEP-69,2021,1893692.0,69
2025-DEP-69,2017,1843319.0,69
2025-DEP-69,2018,1859524.0,69
2025-DEP-69,2020,1883437.0,69
2025-DEP-69,2016,1835903.0,69
2025-DEP-69,2022,1907982.0,69
2025-DEP-70,2021,234296.0,70
2025-DEP-70,2020,234601.0,70
2025-DEP-70,2017,236659.0,70
2025-DEP-70,2023,233185.0,70
2025-DEP-70,2016,237242.0,70
2025-DEP-70,2018,236018.0,70
2025-DEP-70,2019,235313.0,70
2025-DEP-70,2022,233920.0,70
2025-DEP-971,2018,387629.0,71
2025-DEP-971,2021,384315.0,71
2025-DEP-971,2020,383559.0,71
2025-DEP-971,2022,383569.0,71
2025-DEP-71,2023,550310.0,71
2025-DEP-71,2022,549136.0,71
2025-DEP-971,2023,384160.0,71
2025-DEP-971,2017,390253.0,71
2025-DEP-71,2016,555023.0,71
2025-DEP-71,2021,549288.0,71
2025-DEP-71,2019,551493.0,71
2025-DEP-971,2019,384239.0,71
2025-DEP-71,2018,552185.0,71
2025-DEP-71,2017,553595.0,71
2025-DEP-971,2016,394110.0,71
2025-DEP-71,2020,551063.0,71
2025-DEP-972,2022,361019.0,72
2025-DEP-972,2016,376480.0,72
2025-DEP-972,2020,361225.0,72
2025-DEP-72,2022,566129.0,72
2025-DEP-72,2017,566506.0,72
2025-DEP-972,2017,372594.0,72
2025-DEP-972,2021,360749.0,72
2025-DEP-72,2020,566993.0,72
2025-DEP-972,2019,364508.0,72
2025-DEP-72,2019,566412.0,72
2025-DEP-72,2018,565963.0,72
2025-DEP-72,2023,566733.0,72
2025-DEP-72,2021,566058.0,72
2025-DEP-972,2018,368783.0,72
2025-DEP-72,2016,567561.0,72
2025-DEP-972,2023,360630.0,72
2025-DEP-973,2017,268700.0,73
2025-DEP-73,2016,429681.0,73
2025-DEP-73,2021,442468.0,73
2025-DEP-973,2023,293996.0,73
2025-DEP-73,2023,448226.0,73
2025-DEP-973,2018,276128.0,73
2025-DEP-73,2019,436434.0,73
2025-DEP-73,2018,433724.0,73
2025-DEP-73,2020,439750.0,73
2025-DEP-973,2022,288382.0,73
2025-DEP-973,2020,285133.0,73
2025-DEP-973,2021,286618.0,73
2025-DEP-973,2016,269352.0,73
2025-DEP-973,2019,281678.0,73
2025-DEP-73,2017,431174.0,73
2025-DEP-73,2022,445288.0,73
2025-DEP-74,2020,835206.0,74
2025-DEP-74,2016,801416.0,74
2025-DEP-74,2017,807360.0,74
2025-DEP-974,2017,853659.0,74
2025-DEP-74,2022,849583.0,74
2025-DEP-974,2020,863083.0,74
2025-DEP-74,2021,841482.0,74
2025-DEP-74,2023,861158.0,74
2025-DEP-974,2021,871157.0,74
2025-DEP-974,2018,855961.0,74
2025-DEP-974,2016,852924.0,74
2025-DEP-974,2019,861210.0,74
2025-DEP-974,2023,889679.0,74
2025-DEP-74,2019,826094.0,74
2025-DEP-974,2022,881348.0,74
2025-DEP-74,2018,816699.0,74
2025-DEP-75,2016,2190327.0,75
2025-DEP-75,2021,2133111.0,75
2025-DEP-75,2020,2145906.0,75
2025-DEP-75,2017,2187526.0,75
2025-DEP-75,2019,2165423.0,75
2025-DEP-75,2023,2103778.0,75
2025-DEP-75,2018,2175601.0,75
2025-DEP-75,2022,2113705.0,75
2025-DEP-76,2017,1254378.0,76
2025-DEP-76,2020,1254739.0,76
2025-DEP-76,2018,1255883.0,76
2025-DEP-76,2021,1255918.0,76
2025-DEP-76,2019,1255633.0,76
2025-DEP-76,2023,1260964.0,76
2025-DEP-76,2016,1255755.0,76
2025-DEP-76,2022,1260205.0,76
2025-DEP-77,2022,1452399.0,77
2025-DEP-77,2017,1403997.0,77
2025-DEP-77,2019,1421197.0,77
2025-DEP-77,2016,1397665.0,77
2025-DEP-77,2023,1468108.0,77
2025-DEP-77,2021,1438100.0,77
2025-DEP-77,2018,1412516.0,77
2025-DEP-77,2020,1428636.0,77
2025-DEP-78,2023,1485086.0,78
2025-DEP-78,2021,1456365.0,78
2025-DEP-78,2022,1470778.0,78
2025-DEP-78,2019,1448207.0,78
2025-DEP-78,2016,1431808.0,78
2025-DEP-78,2020,1449723.0,78
2025-DEP-78,2018,1441398.0,78
2025-DEP-78,2017,1438266.0,78
2025-DEP-79,2016,374743.0,79
2025-DEP-79,2018,374799.0,79
2025-DEP-79,2021,374587.0,79
2025-DEP-79,2017,374351.0,79
2025-DEP-79,2019,374878.0,79
2025-DEP-79,2020,374481.0,79
2025-DEP-79,2022,375415.0,79
2025-DEP-79,2023,375229.0,79
2025-DEP-80,2018,570662.0,80
2025-DEP-80,2020,568748.0,80
2025-DEP-80,2016,572744.0,80
2025-DEP-80,2017,572443.0,80
2025-DEP-80,2021,566252.0,80
2025-DEP-80,2022,565540.0,80
2025-DEP-80,2023,565413.0,80
2025-DEP-80,2019,570559.0,80
2025-DEP-81,2021,393572.0,81
2025-DEP-81,2017,387890.0,81
2025-DEP-81,2019,389844.0,81
2025-DEP-81,2016,386448.0,81
2025-DEP-81,2018,388596.0,81
2025-DEP-81,2020,391066.0,81
2025-DEP-81,2022,396168.0,81
2025-DEP-81,2023,397352.0,81
2025-DEP-82,2017,258349.0,82
2025-DEP-82,2020,262316.0,82
2025-DEP-82,2022,264924.0,82
2025-DEP-82,2018,259124.0,82
2025-DEP-82,2023,265817.0,82
2025-DEP-82,2021,263377.0,82
2025-DEP-82,2019,260669.0,82
2025-DEP-82,2016,256897.0,82
2025-DEP-83,2021,1095337.0,83
2025-DEP-83,2017,1058740.0,83
2025-DEP-83,2022,1108364.0,83
2025-DEP-83,2016,1055821.0,83
2025-DEP-83,2018,1067697.0,83
2025-DEP-83,2020,1085189.0,83
2025-DEP-83,2019,1076711.0,83
2025-DEP-83,2023,1119307.0,83
2025-DEP-84,2016,559014.0,84
2025-DEP-84,2017,559479.0,84
2025-DEP-84,2022,568702.0,84
2025-DEP-84,2023,572056.0,84
2025-DEP-84,2021,564566.0,84
2025-DEP-84,2019,561469.0,84
2025-DEP-84,2020,561941.0,84
2025-DEP-84,2018,559793.0,84
2025-DEP-85,2021,699459.0,85
2025-DEP-85,2020,692705.0,85
2025-DEP-85,2023,713609.0,85
2025-DEP-85,2016,670597.0,85
2025-DEP-85,2019,685442.0,85
2025-DEP-85,2018,679991.0,85
2025-DEP-85,2022,706343.0,85
2025-DEP-85,2017,675247.0,85
2025-DEP-86,2023,438897.0,86
2025-DEP-86,2018,437586.0,86
2025-DEP-86,2017,436876.0,86
2025-DEP-86,2019,438435.0,86
2025-DEP-86,2021,439385.0,86
2025-DEP-86,2020,439332.0,86
2025-DEP-86,2022,438688.0,86
2025-DEP-86,2016,436069.0,86
2025-DEP-87,2023,373167.0,87
2025-DEP-87,2019,372359.0,87
2025-DEP-87,2021,371691.0,87
2025-DEP-87,2017,374426.0,87
2025-DEP-87,2020,372123.0,87
2025-DEP-87,2016,374978.0,87
2025-DEP-87,2018,373199.0,87
2025-DEP-87,2022,372438.0,87
2025-DEP-88,2016,369641.0,88
2025-DEP-88,2023,357248.0,88
2025-DEP-88,2021,360673.0,88
2025-DEP-88,2018,366112.0,88
2025-DEP-88,2019,364499.0,88
2025-DEP-88,2017,367673.0,88
2025-DEP-88,2022,358700.0,88
2025-DEP-88,2020,362397.0,88
2025-DEP-89,2020,334156.0,89
2025-DEP-89,2017,338291.0,89
2025-DEP-89,2021,333385.0,89
2025-DEP-89,2016,340544.0,89
2025-DEP-89,2023,332267.0,89
2025-DEP-89,2018,337504.0,89
2025-DEP-89,2022,333896.0,89
2025-DEP-89,2019,335707.0,89
2025-DEP-90,2021,139654.0,90
2025-DEP-90,2019,141318.0,90
2025-DEP-90,2016,144089.0,90
2025-DEP-90,2022,140082.0,90
2025-DEP-90,2017,142622.0,90
2025-DEP-90,2020,140120.0,90
2025-DEP-90,2018,141852.0,90
2025-DEP-90,2023,140255.0,90
2025-DEP-91,2022,1324546.0,91
2025-DEP-91,2020,1306118.0,91
2025-DEP-91,2021,1313768.0,91
2025-DEP-91,2019,1301659.0,91
2025-DEP-91,2018,1296641.0,91
2025-DEP-91,2016,1287330.0,91
2025-DEP-91,2017,1296130.0,91
2025-DEP-91,2023,1338485.0,91
2025-DEP-92,2017,1609306.0,92
2025-DEP-92,2016,1603268.0,92
2025-DEP-92,2022,1647435.0,92
2025-DEP-92,2023,1654712.0,92
2025-DEP-92,2021,1635291.0,92
2025-DEP-92,2019,1624357.0,92
2025-DEP-92,2018,1619120.0,92
2025-DEP-92,2020,1626213.0,92
2025-DEP-93,2019,1644903.0,93
2025-DEP-93,2020,1655422.0,93
2025-DEP-93,2021,1668670.0,93
2025-DEP-93,2017,1623111.0,93
2025-DEP-93,2023,1704316.0,93
2025-DEP-93,2022,1681725.0,93
2025-DEP-93,2018,1632677.0,93
2025-DEP-93,2016,1606660.0,93
2025-DEP-94,2021,1415367.0,94
2025-DEP-94,2018,1396913.0,94
2025-DEP-94,2016,1378151.0,94
2025-DEP-94,2017,1387926.0,94
2025-DEP-94,2023,1426929.0,94
2025-DEP-94,2020,1407972.0,94
2025-DEP-94,2019,1407124.0,94
2025-DEP-94,2022,1419531.0,94
2025-DEP-95,2017,1228618.0,95
2025-DEP-95,2023,1281653.0,95
2025-DEP-95,2018,1238581.0,95
2025-DEP-95,2016,1221923.0,95
2025-DEP-95,2019,1249674.0,95
2025-DEP-95,2020,1251804.0,95
2025-DEP-95,2022,1270845.0,95
2025-DEP-95,2021,1256607.0,95
